{"cameraMode":{"drawMode":0,"name":"Shaded","section":"Shading Mode"},"sceneLighting":true,"audioPlay":false,"sceneViewState":{"m_AlwaysRefresh":false,"showFog":true,"showSkybox":true,"showFlares":true,"showImageEffects":true,"showParticleSystems":true,"showVisualEffectGraphs":true,"m_FxEnabled":true},"in2DMode":false,"pivot":{"x":-0.35576725006103518,"y":4.165550708770752,"z":1.1103123426437379},"rotation":{"x":-0.11463702470064163,"y":0.7076432704925537,"z":-0.11805770546197891,"w":-0.6871395707130432},"size":5.107395172119141,"orthographic":false}